config,accuracy_mean,accuracy_std,f1_mean,f1_std
Baseline (sem pré-processamento),0.5366175362560426,0.005665932825787188,0.5811873371728766,0.006373073401470283
Mode + Label + Standard,0.7775923765071957,0.016474633775135326,0.8372972287429233,0.01543778911445207
Mode + OneHot + Standard,0.7593920320053341,0.004828535634416063,0.8221961602203314,0.003708845427665258
Zero + Label + Robust,0.4192139189864978,0.005441824179321502,0.39633746494587463,0.00944000195104886
Mode + Label + MinMax + KBest(10),0.6285872812135356,0.013355307305463427,0.702345519136201,0.014282341249030642
