Modelo,Accuracy,Precision,Recall,F1
Regressão Logística,0.7537918097460687,0.7542045896610456,0.999115875551387,0.8595547762815162
Naive Bayes,0.575036116729269,0.5426022867342918,0.9731118147211693,0.6967173376846999
Rede Neural (MLP 1 camada + SGD),0.8104609990553981,0.8382609415407515,0.9341773133832574,0.8819603699528684
SVM (Support Vector Machine),0.8124938934266822,0.8857480385119688,0.8626116036754254,0.8740218859365368
Árvore de Decisão,0.8325537282935471,0.9513443989781096,0.8201159030143209,0.8806612696097886
